IP Address,Status,Details
192.168.68.103,Uploaded + Rebooted,
192.168.68.105,Uploaded + Rebooted,
192.168.68.107,Uploaded + Rebooted,
192.168.68.99,Uploaded + Rebooted,
192.168.68.102,Uploaded + Rebooted,
192.168.68.105,Uploaded + Rebooted,
192.168.68.103,Uploaded + Rebooted,
192.168.68.107,Uploaded + Rebooted,
192.168.68.99,Uploaded + Rebooted,
192.168.68.102,Uploaded + Rebooted,
192.168.68.112,Uploaded + Rebooted,
192.168.68.108,Uploaded + Rebooted,
192.168.68.111,Uploaded + Rebooted,
192.168.68.110,Uploaded + Rebooted,
192.168.68.109,Uploaded + Rebooted,
192.168.68.122,Uploaded + Rebooted,
192.168.68.114,Uploaded + Rebooted,
192.168.68.120,Uploaded + Rebooted,
192.168.68.124,Uploaded + Rebooted,
192.168.68.121,Uploaded + Rebooted,
192.168.68.115,Uploaded + Rebooted,
192.168.68.123,Uploaded + Rebooted,
192.168.68.116,Uploaded + Rebooted,
192.168.68.113,Uploaded + Rebooted,
192.168.68.119,Uploaded + Rebooted,
